{"soundspeed": 1509, "f_emission": 2571428.5714285714, "tr_out": "tr1", "prf": 1000.1666944490748, "nb_cycles_per_emission": 128, "overlap": 0.5, "nb_emission_per_profile": 128, "position_first_gate": 0.019952333333333336, "gate_distance": 0.018778666666666666, "nb_gates": 38, "gate_size": 0.03755733333333333, "method": "ppc_cont", "phase_coding": true, "static_echo_filter": true, "gain_function": {"auto": false, "a0": 39.96329, "a1": 0.0}, "nb_profile_average": 1, "v_min": -0.06428613461466386, "dynamicRange": 0.29346557759626607, "v_max": 0.2291794429816022}